month,cpi_all_items_index_2002_100,cpi_inflation_yoy_percent,unemployment_rate_percent,new_housing_price_index_canada_201612_100,new_housing_price_index_canada_yoy_percent,new_housing_price_index_toronto_201612_100,new_housing_price_index_toronto_yoy_percent,cmhc_5yr_conventional_mortgage_rate_percent,boc_policy_rate_monthly_average_percent,boc_policy_rate_month_end_percent,income_reference_year,median_after_tax_income_cad_annual
1981-01,46.9,12.201,7.4,38.2,,28.0,,15.17,,,1981,64700.0
1981-02,47.4,12.0567,7.4,38.7,,28.5,,15.27,,,1981,64700.0
1981-03,48.0,12.6761,7.4,39.3,,29.8,,15.75,,,1981,64700.0
1981-04,48.3,12.5874,7.1,39.9,,31.2,,16.45,,,1981,64700.0
1981-05,48.7,12.212,7.2,40.6,,32.3,,17.82,,,1981,64700.0
1981-06,49.5,12.7563,7.2,40.8,,32.3,,18.55,,,1981,64700.0
1981-07,49.9,12.8959,7.2,40.8,,32.2,,18.9,,,1981,64700.0
1981-08,50.3,12.528,7.1,40.6,,32.5,,21.3,,,1981,64700.0
1981-09,50.7,12.6667,8.1,40.4,,32.6,,21.46,,,1981,64700.0
1981-10,51.2,12.7753,8.3,40.3,,32.5,,20.54,,,1981,64700.0
1981-11,51.6,12.1739,8.3,40.2,,32.5,,18.8,,,1981,64700.0
1981-12,51.8,12.1212,8.7,40.3,,32.5,,17.79,,,1981,64700.0
1982-01,52.2,11.3006,8.6,40.3,5.4974,32.7,16.7857,18.21,,,1982,62700.0
1982-02,52.8,11.3924,8.9,40.3,4.1344,32.4,13.6842,18.97,,,1982,62700.0
1982-03,53.5,11.4583,9.3,40.1,2.0356,32.4,8.7248,19.41,,,1982,62700.0
1982-04,53.8,11.3872,9.8,39.9,0.0,32.4,3.8462,19.28,,,1982,62700.0
1982-05,54.5,11.9097,10.3,39.6,-2.4631,32.3,0.0,19.11,,,1982,62700.0
1982-06,55.1,11.3131,11.1,39.3,-3.6765,32.1,-0.6192,19.1,,,1982,62700.0
1982-07,55.4,11.022,11.9,39.0,-4.4118,32.1,-0.3106,19.22,,,1982,62700.0
1982-08,55.6,10.5368,12.0,38.8,-4.4335,31.6,-2.7692,18.72,,,1982,62700.0
1982-09,55.9,10.2564,12.4,38.4,-4.9505,31.5,-3.3742,17.49,,,1982,62700.0
1982-10,56.3,9.9609,12.9,38.3,-4.9628,31.1,-4.3077,16.02,,,1982,62700.0
1982-11,56.6,9.6899,12.9,38.0,-5.4726,30.9,-4.9231,14.79,,,1982,62700.0
1982-12,56.6,9.2664,13.1,37.9,-5.9553,30.7,-5.5385,14.34,,,1982,62700.0
1983-01,56.5,8.2375,12.7,37.9,-5.9553,30.7,-6.1162,14.05,,,1983,60300.0
1983-02,56.8,7.5758,12.7,37.9,-5.9553,30.6,-5.5556,13.6,,,1983,60300.0
1983-03,57.4,7.2897,12.5,37.8,-5.7357,30.6,-5.5556,13.45,,,1983,60300.0
1983-04,57.4,6.6914,12.4,37.8,-5.2632,30.5,-5.8642,13.26,,,1983,60300.0
1983-05,57.5,5.5046,12.4,37.7,-4.798,30.4,-5.8824,13.16,,,1983,60300.0
1983-06,58.1,5.4446,12.4,37.8,-3.8168,30.6,-4.6729,12.98,,,1983,60300.0
1983-07,58.4,5.4152,11.9,37.8,-3.0769,30.5,-4.9844,13.08,,,1983,60300.0
1983-08,58.7,5.5755,11.7,38.0,-2.0619,30.5,-3.481,13.57,,,1983,60300.0
1983-09,58.7,5.0089,11.4,38.0,-1.0417,30.5,-3.1746,13.88,,,1983,60300.0
1983-10,59.1,4.9734,11.3,37.9,-1.0444,30.5,-1.9293,13.1,,,1983,60300.0
1983-11,59.1,4.417,11.3,38.0,0.0,30.5,-1.2945,12.84,,,1983,60300.0
1983-12,59.2,4.5936,11.3,37.9,0.0,30.5,-0.6515,12.55,,,1983,60300.0
1984-01,59.6,5.4867,11.3,38.0,0.2639,30.5,-0.6515,12.55,,,1984,61000.0
1984-02,59.9,5.4577,11.3,38.0,0.2639,30.5,-0.3268,12.52,,,1984,61000.0
1984-03,60.0,4.5296,11.3,38.1,0.7937,30.6,0.0,12.82,,,1984,61000.0
1984-04,60.2,4.878,11.5,38.2,1.0582,30.6,0.3279,13.51,,,1984,61000.0
1984-05,60.2,4.6957,11.7,38.2,1.3263,30.7,0.9868,14.26,,,1984,61000.0
1984-06,60.6,4.3029,11.3,38.1,0.7937,30.7,0.3268,14.53,,,1984,61000.0
1984-07,60.8,4.1096,11.2,38.1,0.7937,30.8,0.9836,14.96,,,1984,61000.0
1984-08,60.8,3.5775,11.3,38.0,0.0,30.7,0.6557,14.45,,,1984,61000.0
1984-09,60.9,3.7479,11.8,37.9,-0.2632,30.7,0.6557,13.99,,,1984,61000.0
1984-10,61.1,3.3841,11.3,37.9,0.0,30.8,0.9836,13.72,,,1984,61000.0
1984-11,61.4,3.8917,11.4,37.8,-0.5263,30.8,0.9836,13.25,,,1984,61000.0
1984-12,61.4,3.7162,11.1,37.9,0.0,30.8,0.9836,12.74,,,1984,61000.0
1985-01,61.7,3.5235,10.6,38.0,0.0,30.9,1.3115,12.44,,,1985,61100.0
1985-02,62.1,3.6728,10.8,38.0,0.0,31.0,1.6393,12.57,,,1985,61100.0
1985-03,62.2,3.6667,11.0,38.1,0.0,31.1,1.634,13.43,,,1985,61100.0
1985-04,62.5,3.8206,10.8,38.1,-0.2618,31.1,1.634,12.77,,,1985,61100.0
1985-05,62.7,4.1528,10.6,38.1,-0.2618,31.1,1.3029,12.38,,,1985,61100.0
1985-06,63.0,3.9604,10.7,38.3,0.5249,31.3,1.9544,11.89,,,1985,61100.0
1985-07,63.3,4.1118,10.4,38.4,0.7874,31.5,2.2727,11.75,,,1985,61100.0
1985-08,63.3,4.1118,10.3,38.5,1.3158,31.7,3.2573,11.77,,,1985,61100.0
1985-09,63.4,4.1051,10.2,38.8,2.3747,31.9,3.9088,11.85,,,1985,61100.0
1985-10,63.6,4.0917,10.3,38.9,2.6385,32.0,3.8961,11.96,,,1985,61100.0
1985-11,63.8,3.9088,10.3,39.2,3.7037,32.3,4.8701,11.75,,,1985,61100.0
1985-12,64.1,4.3974,10.1,39.3,3.6939,32.5,5.5195,11.61,,,1985,61100.0
1986-01,64.4,4.376,9.8,39.8,4.7368,33.3,7.767,11.67,,,1986,60800.0
1986-02,64.7,4.1868,9.9,40.3,6.0526,34.1,10.0,11.94,,,1986,60800.0
1986-03,64.9,4.3408,9.8,40.6,6.5617,34.6,11.254,11.66,,,1986,60800.0
1986-04,64.9,3.84,9.7,40.8,7.0866,34.8,11.8971,11.12,,,1986,60800.0
1986-05,65.3,4.1467,9.5,41.1,7.874,35.3,13.5048,10.6,,,1986,60800.0
1986-06,65.4,3.8095,9.6,41.3,7.8329,35.8,14.377,10.87,,,1986,60800.0
1986-07,65.9,4.1074,9.6,41.6,8.3333,36.2,14.9206,11.06,,,1986,60800.0
1986-08,66.0,4.2654,9.6,42.0,9.0909,37.1,17.0347,11.0,,,1986,60800.0
1986-09,66.0,4.1009,9.5,42.8,10.3093,38.9,21.9436,11.1,,,1986,60800.0
1986-10,66.4,4.4025,9.4,43.2,11.054,39.7,24.0625,11.25,,,1986,60800.0
1986-11,66.7,4.5455,9.4,43.8,11.7347,40.6,25.6966,11.25,,,1986,60800.0
1986-12,66.8,4.2122,9.5,44.0,11.9593,41.0,26.1538,11.17,,,1986,60800.0
1987-01,67.0,4.0373,9.5,44.4,11.5578,41.5,24.6246,10.85,,,1987,60500.0
1987-02,67.3,4.0185,9.5,45.2,12.1588,42.8,25.5132,10.46,,,1987,60500.0
1987-03,67.5,4.0062,9.4,46.6,14.7783,45.5,31.5029,10.2,,,1987,60500.0
1987-04,67.9,4.6225,9.2,47.1,15.4412,46.5,33.6207,10.39,,,1987,60500.0
1987-05,68.3,4.5942,8.9,47.5,15.5718,47.0,33.1445,11.04,,,1987,60500.0
1987-06,68.5,4.7401,8.9,47.7,15.4964,47.1,31.5642,11.26,,,1987,60500.0
1987-07,68.9,4.5524,8.7,48.0,15.3846,47.3,30.663,11.26,,,1987,60500.0
1987-08,69.0,4.5455,8.6,48.2,14.7619,47.3,27.4933,11.49,,,1987,60500.0
1987-09,69.0,4.5455,8.4,48.7,13.785,47.7,22.6221,11.72,,,1987,60500.0
1987-10,69.2,4.2169,8.3,48.9,13.1944,48.0,20.9068,11.97,,,1987,60500.0
1987-11,69.5,4.1979,8.2,49.1,12.1005,48.1,18.4729,11.49,,,1987,60500.0
1987-12,69.6,4.1916,8.0,49.1,11.5909,48.2,17.561,11.56,,,1987,60500.0
1988-01,69.7,4.0299,8.1,49.3,11.036,48.2,16.1446,11.73,,,1988,62100.0
1988-02,70.0,4.0119,7.8,49.8,10.177,48.9,14.2523,11.49,,,1988,62100.0
1988-03,70.4,4.2963,7.8,50.3,7.9399,49.7,9.2308,11.08,,,1988,62100.0
1988-04,70.6,3.9764,7.7,51.2,8.7049,51.7,11.1828,11.04,,,1988,62100.0
1988-05,71.0,3.9531,7.8,51.9,9.2632,53.1,12.9787,11.29,,,1988,62100.0
1988-06,71.2,3.9416,7.6,52.3,9.6436,53.9,14.4374,11.41,,,1988,62100.0
1988-07,71.6,3.9187,7.8,52.5,9.375,54.2,14.5877,11.4,,,1988,62100.0
1988-08,71.7,3.913,7.8,53.0,9.9585,55.0,16.2791,11.92,,,1988,62100.0
1988-09,71.8,4.058,7.8,53.9,10.6776,57.1,19.7065,12.16,,,1988,62100.0
1988-10,72.2,4.3353,7.8,54.3,11.0429,57.8,20.4167,11.79,,,1988,62100.0
1988-11,72.3,4.0288,7.8,55.0,12.0163,59.2,23.0769,11.78,,,1988,62100.0
1988-12,72.3,3.8793,7.5,55.8,13.6456,61.0,26.556,12.13,,,1988,62100.0
1989-01,72.7,4.3042,7.5,56.3,14.1988,61.9,28.4232,12.24,,,1989,63100.0
1989-02,73.2,4.5714,7.6,57.7,15.8635,64.1,31.0838,12.23,,,1989,63100.0
1989-03,73.6,4.5455,7.5,58.6,16.501,65.9,32.5956,12.41,,,1989,63100.0
1989-04,73.8,4.5326,7.8,59.1,15.4297,66.6,28.8201,12.72,,,1989,63100.0
1989-05,74.6,5.0704,7.7,59.3,14.2582,66.7,25.6121,12.29,,,1989,63100.0
1989-06,74.9,5.1966,7.5,59.6,13.9579,67.0,24.3043,11.93,,,1989,63100.0
1989-07,75.4,5.3073,7.5,59.8,13.9048,67.0,23.6162,11.85,,,1989,63100.0
1989-08,75.5,5.2999,7.3,59.8,12.8302,67.0,21.8182,11.76,,,1989,63100.0
1989-09,75.6,5.2925,7.3,60.1,11.5028,67.1,17.5131,11.75,,,1989,63100.0
1989-10,75.9,5.1247,7.2,60.4,11.2339,67.1,16.09,11.75,,,1989,63100.0
1989-11,76.1,5.2559,7.5,60.8,10.5455,67.3,13.6824,11.75,,,1989,63100.0
1989-12,76.1,5.2559,7.7,61.1,9.4982,67.3,10.3279,11.95,,,1989,63100.0
1990-01,76.7,5.5021,7.9,61.7,9.5915,67.2,8.5622,12.01,,,1990,60500.0
1990-02,77.2,5.4645,7.7,61.8,7.1057,66.9,4.3682,12.42,,,1990,60500.0
1990-03,77.5,5.2989,7.3,61.9,5.6314,66.8,1.3657,12.92,,,1990,60500.0
1990-04,77.5,5.0136,7.6,61.8,4.5685,66.2,-0.6006,13.67,,,1990,60500.0
1990-05,77.9,4.4236,7.8,61.5,3.7099,66.0,-1.0495,14.21,,,1990,60500.0
1990-06,78.2,4.4059,7.6,60.8,2.0134,64.4,-3.8806,14.03,,,1990,60500.0
1990-07,78.5,4.1114,7.9,60.4,1.0033,63.7,-4.9254,13.97,,,1990,60500.0
1990-08,78.6,4.106,8.1,59.8,0.0,62.8,-6.2687,13.56,,,1990,60500.0
1990-09,78.8,4.2328,8.5,59.0,-1.8303,61.5,-8.3458,13.4,,,1990,60500.0
1990-10,79.5,4.7431,8.8,58.6,-2.9801,60.6,-9.687,13.21,,,1990,60500.0
1990-11,80.0,5.1248,9.1,58.0,-4.6053,59.3,-11.8871,13.04,,,1990,60500.0
1990-12,79.9,4.9934,9.5,57.8,-5.401,59.1,-12.1842,12.49,,,1990,60500.0
1991-01,82.0,6.91,9.8,56.9,-7.7796,56.8,-15.4762,12.13,,,1991,57300.0
1991-02,82.0,6.2176,10.2,55.8,-9.7087,54.0,-19.2825,11.58,,,1991,57300.0
1991-03,82.3,6.1935,10.5,56.0,-9.5315,53.9,-19.3114,11.45,,,1991,57300.0
1991-04,82.3,6.1935,10.3,55.8,-9.7087,53.7,-18.8822,11.27,,,1991,57300.0
1991-05,82.7,6.1617,10.2,56.2,-8.6179,54.3,-17.7273,11.23,,,1991,57300.0
1991-06,83.1,6.266,10.5,56.2,-7.5658,54.3,-15.6832,11.24,,,1991,57300.0
1991-07,83.2,5.9873,10.5,56.3,-6.7881,54.3,-14.7567,11.31,,,1991,57300.0
1991-08,83.3,5.9796,10.5,56.2,-6.0201,54.0,-14.0127,11.47,,,1991,57300.0
1991-09,83.1,5.4569,10.3,56.2,-4.7458,54.0,-12.1951,11.38,,,1991,57300.0
1991-10,83.0,4.4025,10.3,56.2,-4.0956,53.9,-11.0561,10.84,,,1991,57300.0
1991-11,83.3,4.125,10.4,55.9,-3.6207,53.1,-10.4553,10.14,,,1991,57300.0
1991-12,82.9,3.7547,10.3,55.9,-3.2872,53.2,-9.9831,9.84,,,1991,57300.0
1992-01,83.3,1.5854,10.4,55.8,-1.9332,53.0,-6.6901,9.71,,,1992,57800.0
1992-02,83.3,1.5854,10.5,55.8,0.0,52.1,-3.5185,9.68,,,1992,57800.0
1992-03,83.6,1.5796,10.9,55.9,-0.1786,52.1,-3.3395,10.06,,,1992,57800.0
1992-04,83.7,1.7011,10.7,56.0,0.3584,52.1,-2.9795,10.37,,,1992,57800.0
1992-05,83.8,1.3301,10.9,56.0,-0.3559,51.9,-4.4199,10.14,,,1992,57800.0
1992-06,84.0,1.083,11.4,56.2,0.0,51.9,-4.4199,9.72,,,1992,57800.0
1992-07,84.2,1.2019,11.3,56.3,0.0,51.7,-4.7882,9.26,,,1992,57800.0
1992-08,84.2,1.0804,11.7,56.3,0.1779,51.6,-4.4444,8.72,,,1992,57800.0
1992-09,84.2,1.3237,11.6,56.2,0.0,51.2,-5.1852,8.54,,,1992,57800.0
1992-10,84.3,1.5663,11.4,56.3,0.1779,51.2,-5.0093,9.23,,,1992,57800.0
1992-11,84.7,1.6807,12.1,56.3,0.7156,51.1,-3.7665,9.33,,,1992,57800.0
1992-12,84.7,2.1713,11.7,56.3,0.7156,51.0,-4.1353,9.48,,,1992,57800.0
1993-01,85.0,2.0408,11.2,56.2,0.7168,51.0,-3.7736,9.47,,,1993,56400.0
1993-02,85.3,2.401,11.0,56.4,1.0753,50.6,-2.8791,9.44,,,1993,56400.0
1993-03,85.2,1.9139,11.2,56.7,1.4311,50.6,-2.8791,8.97,,,1993,56400.0
1993-04,85.2,1.7921,11.6,57.0,1.7857,50.5,-3.071,8.89,,,1993,56400.0
1993-05,85.4,1.9093,11.6,56.8,1.4286,50.1,-3.4682,8.88,,,1993,56400.0
1993-06,85.4,1.6667,11.7,56.9,1.2456,50.7,-2.3121,8.86,,,1993,56400.0
1993-07,85.6,1.6627,11.6,57.0,1.2433,50.3,-2.7079,8.68,,,1993,56400.0
1993-08,85.7,1.7815,11.2,57.1,1.421,50.5,-2.1318,8.58,,,1993,56400.0
1993-09,85.7,1.7815,11.5,57.1,1.6014,50.6,-1.1719,8.57,,,1993,56400.0
1993-10,85.9,1.898,11.3,57.0,1.2433,50.3,-1.7578,8.55,,,1993,56400.0
1993-11,86.3,1.889,11.2,57.0,1.2433,50.2,-1.7613,7.84,,,1993,56400.0
1993-12,86.1,1.6529,11.4,56.9,1.0657,50.2,-1.5686,7.71,,,1993,56400.0
1994-01,86.1,1.2941,11.4,57.0,1.4235,50.1,-1.7647,7.33,,,1994,56800.0
1994-02,85.4,0.1172,11.1,56.9,0.8865,50.0,-1.1858,7.2,,,1994,56800.0
1994-03,85.4,0.2347,10.6,56.9,0.3527,50.1,-0.9881,7.89,,,1994,56800.0
1994-04,85.4,0.2347,10.9,56.9,-0.1754,50.1,-0.7921,9.43,,,1994,56800.0
1994-05,85.2,-0.2342,10.7,56.9,0.1761,50.1,0.0,9.48,,,1994,56800.0
1994-06,85.4,0.0,10.3,57.0,0.1757,50.4,-0.5917,9.8,,,1994,56800.0
1994-07,85.7,0.1168,10.1,56.9,-0.1754,50.4,0.1988,10.69,,,1994,56800.0
1994-08,85.8,0.1167,10.2,57.0,-0.1751,50.5,0.0,10.33,,,1994,56800.0
1994-09,85.9,0.2334,10.1,57.0,-0.1751,50.6,0.0,10.01,,,1994,56800.0
1994-10,85.7,-0.2328,10.0,56.9,-0.1754,50.7,0.7952,9.84,,,1994,56800.0
1994-11,86.2,-0.1159,9.7,56.8,-0.3509,50.5,0.5976,9.85,,,1994,56800.0
1994-12,86.3,0.2323,9.6,56.8,-0.1757,50.5,0.5976,10.25,,,1994,56800.0
1995-01,86.6,0.5807,9.6,56.8,-0.3509,50.6,0.998,10.6,,,1995,56700.0
1995-02,87.0,1.8735,9.6,56.7,-0.3515,50.9,1.8,10.48,,,1995,56700.0
1995-03,87.2,2.1077,9.7,56.6,-0.5272,51.0,1.7964,9.93,,,1995,56700.0
1995-04,87.5,2.459,9.5,56.5,-0.703,50.9,1.5968,9.66,,,1995,56700.0
1995-05,87.7,2.9343,9.5,56.4,-0.8787,50.8,1.3972,8.98,,,1995,56700.0
1995-06,87.7,2.6932,9.5,56.3,-1.2281,50.5,0.1984,8.67,,,1995,56700.0
1995-07,87.9,2.5671,9.6,56.2,-1.2302,50.7,0.5952,8.54,,,1995,56700.0
1995-08,87.7,2.2145,9.5,56.2,-1.4035,50.7,0.396,8.94,,,1995,56700.0
1995-09,87.8,2.2119,9.2,56.2,-1.4035,50.7,0.1976,8.95,,,1995,56700.0
1995-10,87.7,2.3337,9.3,55.9,-1.7575,50.5,-0.3945,8.75,,,1995,56700.0
1995-11,88.0,2.0882,9.2,55.6,-2.1127,50.3,-0.396,8.66,,,1995,56700.0
1995-12,87.8,1.7381,9.4,55.7,-1.9366,50.5,0.0,8.46,,,1995,56700.0
1996-01,88.0,1.6166,9.4,55.6,-2.1127,50.6,0.0,8.02,,,1996,55800.0
1996-02,88.1,1.2644,9.5,55.4,-2.2928,50.1,-1.5717,7.79,,,1996,55800.0
1996-03,88.5,1.4908,9.6,55.3,-2.2968,50.2,-1.5686,8.16,,,1996,55800.0
1996-04,88.7,1.3714,9.3,55.1,-2.4779,50.0,-1.7682,8.48,,,1996,55800.0
1996-05,89.0,1.4823,9.2,55.0,-2.4823,49.9,-1.7717,8.47,,,1996,55800.0
1996-06,89.0,1.4823,9.8,55.1,-2.1314,50.0,-0.9901,8.48,,,1996,55800.0
1996-07,89.0,1.2514,9.7,55.0,-2.1352,50.0,-1.3807,8.48,,,1996,55800.0
1996-08,89.0,1.4823,9.4,55.0,-2.1352,50.0,-1.3807,8.01,,,1996,55800.0
1996-09,89.1,1.4806,9.9,55.0,-2.1352,49.9,-1.5779,7.94,,,1996,55800.0
1996-10,89.3,1.8244,9.9,55.0,-1.61,50.0,-0.9901,7.5,,,1996,55800.0
1996-11,89.7,1.9318,9.9,55.2,-0.7194,50.1,-0.3976,7.01,,,1996,55800.0
1996-12,89.7,2.164,9.7,55.2,-0.8977,50.1,-0.7921,6.94,,,1996,55800.0
1997-01,89.9,2.1591,9.5,55.3,-0.5396,50.3,-0.5929,7.14,,,1997,55600.0
1997-02,90.1,2.2701,9.5,55.4,0.0,50.4,0.5988,7.12,,,1997,55600.0
1997-03,90.2,1.9209,9.3,55.5,0.3617,50.5,0.5976,7.06,,,1997,55600.0
1997-04,90.2,1.6911,9.4,55.5,0.726,50.9,1.8,7.56,,,1997,55600.0
1997-05,90.3,1.4607,9.4,55.6,1.0909,51.1,2.4048,7.46,,,1997,55600.0
1997-06,90.5,1.6854,9.1,55.6,0.9074,51.1,2.2,7.22,,,1997,55600.0
1997-07,90.5,1.6854,8.9,55.6,1.0909,51.3,2.6,6.98,,,1997,55600.0
1997-08,90.6,1.7978,8.9,55.6,1.0909,51.3,2.6,7.0,,,1997,55600.0
1997-09,90.6,1.6835,8.8,55.6,1.0909,51.4,3.006,6.96,,,1997,55600.0
1997-10,90.6,1.4558,8.9,55.6,1.0909,51.4,2.8,6.73,,,1997,55600.0
1997-11,90.5,0.8919,8.9,55.8,1.087,52.0,3.7924,6.69,,,1997,55600.0
1997-12,90.4,0.7804,8.5,55.9,1.2681,52.1,3.992,6.9,,,1997,55600.0
1998-01,90.9,1.1123,8.8,56.0,1.2658,52.2,3.7773,6.9,,,1998,57100.0
1998-02,91.0,0.9989,8.6,56.0,1.083,52.3,3.7698,6.84,,,1998,57100.0
1998-03,91.1,0.9978,8.4,56.0,0.9009,52.3,3.5644,6.84,,,1998,57100.0
1998-04,91.0,0.8869,8.3,56.0,0.9009,52.5,3.1434,6.79,,,1998,57100.0
1998-05,91.3,1.1074,8.3,56.1,0.8993,52.7,3.1311,6.92,,,1998,57100.0
1998-06,91.4,0.9945,8.4,56.2,1.0791,52.8,3.3268,6.9,,,1998,57100.0
1998-07,91.4,0.9945,8.3,56.2,1.0791,52.9,3.1189,6.9,,,1998,57100.0
1998-08,91.4,0.883,8.1,56.2,1.0791,52.9,3.1189,7.08,,,1998,57100.0
1998-09,91.2,0.6623,8.2,56.2,1.0791,53.0,3.1128,7.32,,,1998,57100.0
1998-10,91.6,1.1038,8.0,56.2,1.0791,53.1,3.3074,6.73,,,1998,57100.0
1998-11,91.6,1.2155,8.0,56.2,0.7168,53.3,2.5,6.94,,,1998,57100.0
1998-12,91.3,0.9956,8.1,56.3,0.7156,53.2,2.1113,6.69,,,1998,57100.0
1999-01,91.5,0.6601,7.9,56.3,0.5357,53.3,2.1073,6.79,,,1999,59600.0
1999-02,91.6,0.6593,7.9,56.3,0.5357,53.4,2.1033,6.79,,,1999,59600.0
1999-03,92.0,0.9879,7.9,56.4,0.7143,53.4,2.1033,7.03,,,1999,59600.0
1999-04,92.5,1.6484,8.2,56.4,0.7143,53.5,1.9048,6.71,,,1999,59600.0
1999-05,92.7,1.5334,7.9,56.4,0.5348,53.5,1.518,6.99,,,1999,59600.0
1999-06,92.9,1.6411,7.6,56.4,0.3559,53.5,1.3258,7.35,,,1999,59600.0
1999-07,93.1,1.86,7.6,56.5,0.5338,53.5,1.1342,7.42,,,1999,59600.0
1999-08,93.3,2.0788,7.4,56.7,0.8897,53.6,1.3233,7.8,,,1999,59600.0
1999-09,93.6,2.6316,7.5,56.8,1.0676,53.9,1.6981,7.67,,,1999,59600.0
1999-10,93.7,2.2926,7.2,56.9,1.2456,54.0,1.6949,7.9,,,1999,59600.0
1999-11,93.6,2.1834,6.9,57.1,1.6014,54.4,2.0638,8.13,,,1999,59600.0
1999-12,93.7,2.6287,6.8,57.2,1.5986,54.5,2.4436,8.13,,,1999,59600.0
2000-01,93.5,2.1858,6.8,57.2,1.5986,54.5,2.2514,8.34,,,2000,60000.0
2000-02,94.1,2.7293,6.9,57.4,1.9538,54.8,2.6217,8.43,,,2000,60000.0
2000-03,94.8,3.0435,6.9,57.5,1.9504,54.9,2.809,8.24,,,2000,60000.0
2000-04,94.5,2.1622,6.7,57.6,2.1277,55.0,2.8037,8.23,,,2000,60000.0
2000-05,94.9,2.3732,6.6,57.8,2.4823,55.1,2.9907,8.5,,,2000,60000.0
2000-06,95.5,2.7987,6.7,57.8,2.4823,55.1,2.9907,8.34,,,2000,60000.0
2000-07,95.8,2.9001,6.8,57.9,2.4779,55.2,3.1776,8.18,,,2000,60000.0
2000-08,95.7,2.5723,7.0,58.1,2.4691,55.3,3.1716,8.08,,,2000,60000.0
2000-09,96.1,2.6709,6.9,58.2,2.4648,55.3,2.5974,8.08,,,2000,60000.0
2000-10,96.3,2.7748,7.0,58.3,2.4605,55.4,2.5926,8.08,,,2000,60000.0
2000-11,96.6,3.2051,6.9,58.5,2.4518,55.7,2.3897,8.04,,,2000,60000.0
2000-12,96.7,3.2017,6.8,58.6,2.4476,55.8,2.3853,7.81,,,2000,60000.0
2001-01,96.3,2.9947,6.9,58.7,2.6224,55.8,2.3853,7.58,,,2001,62400.0
2001-02,96.8,2.8693,7.0,58.8,2.439,55.9,2.0073,7.52,,,2001,62400.0
2001-03,97.1,2.4262,7.1,59.0,2.6087,56.2,2.3679,7.19,,,2001,62400.0
2001-04,97.8,3.4921,7.1,59.2,2.7778,56.3,2.3636,7.22,,,2001,62400.0
2001-05,98.6,3.8988,7.0,59.3,2.5952,56.3,2.1779,7.38,,,2001,62400.0
2001-06,98.7,3.3508,7.2,59.5,2.9412,56.5,2.5408,7.47,,,2001,62400.0
2001-07,98.4,2.714,7.1,59.6,2.9361,56.6,2.5362,7.46,,,2001,62400.0
2001-08,98.4,2.8213,7.2,59.7,2.7539,56.7,2.5316,7.39,,,2001,62400.0
2001-09,98.6,2.6015,7.2,59.9,2.921,56.8,2.7125,7.03,,,2001,62400.0
2001-10,98.1,1.8692,7.3,59.9,2.7444,56.8,2.5271,6.74,,,2001,62400.0
2001-11,97.2,0.6211,7.5,60.1,2.735,57.0,2.3339,6.51,,,2001,62400.0
2001-12,97.4,0.7239,8.1,60.2,2.7304,57.0,2.1505,6.64,,,2001,62400.0
2002-01,97.6,1.3499,8.0,60.4,2.8961,57.1,2.3297,6.62,,,2002,62400.0
2002-02,98.2,1.4463,7.9,60.8,3.4014,57.6,3.0411,6.59,,,2002,62400.0
2002-03,98.9,1.8538,7.9,61.0,3.3898,57.6,2.4911,6.8,,,2002,62400.0
2002-04,99.5,1.7382,7.7,61.4,3.7162,57.9,2.8419,7.0,,,2002,62400.0
2002-05,99.7,1.1156,7.8,61.8,4.2159,58.3,3.5524,7.0,,,2002,62400.0
2002-06,99.9,1.2158,7.6,61.9,4.0336,58.3,3.1858,6.98,,,2002,62400.0
2002-07,100.5,2.1341,7.6,62.0,4.0268,58.4,3.1802,6.9,,,2002,62400.0
2002-08,100.9,2.5407,7.4,62.3,4.3551,58.7,3.5273,6.61,,,2002,62400.0
2002-09,100.9,2.3327,7.6,62.4,4.1736,58.7,3.3451,6.49,,,2002,62400.0
2002-10,101.2,3.16,7.6,62.7,4.6745,59.1,4.0493,6.5,,,2002,62400.0
2002-11,101.5,4.4239,7.5,63.1,4.9917,59.4,4.2105,6.47,,,2002,62400.0
2002-12,101.1,3.7988,7.6,63.3,5.1495,59.5,4.386,6.39,,,2002,62400.0
2003-01,102.0,4.5082,7.5,63.4,4.9669,59.6,4.3783,6.26,,,2003,62300.0
2003-02,102.8,4.6843,7.5,63.8,4.9342,59.9,3.9931,6.29,,,2003,62300.0
2003-03,103.1,4.2467,7.4,63.9,4.7541,60.0,4.1667,6.33,,,2003,62300.0
2003-04,102.4,2.9146,7.6,64.1,4.3974,60.2,3.9724,6.44,,,2003,62300.0
2003-05,102.5,2.8084,7.8,64.5,4.3689,60.8,4.2882,6.1,,,2003,62300.0
2003-06,102.5,2.6026,7.6,64.7,4.5234,60.9,4.4597,5.62,,,2003,62300.0
2003-07,102.6,2.0896,7.7,64.9,4.6774,61.2,4.7945,5.71,,,2003,62300.0
2003-08,102.9,1.9822,7.8,65.2,4.6549,61.6,4.9404,5.87,,,2003,62300.0
2003-09,103.1,2.1804,7.9,65.5,4.9679,61.8,5.2811,5.97,,,2003,62300.0
2003-10,102.8,1.581,7.6,65.8,4.9442,62.0,4.9069,5.83,,,2003,62300.0
2003-11,103.1,1.5764,7.4,66.3,5.0713,62.6,5.3872,6.02,,,2003,62300.0
2003-12,103.2,2.0772,7.3,66.5,5.0553,62.7,5.3782,6.0,,,2003,62300.0
2004-01,103.3,1.2745,7.3,66.7,5.205,62.8,5.3691,5.78,,,2004,62700.0
2004-02,103.5,0.6809,7.3,66.9,4.8589,63.1,5.3422,5.51,,,2004,62700.0
2004-03,103.9,0.7759,7.3,67.2,5.1643,63.2,5.3333,5.31,,,2004,62700.0
2004-04,104.1,1.6602,7.2,67.7,5.6162,63.9,6.1462,5.56,,,2004,62700.0
2004-05,105.0,2.439,7.1,68.2,5.7364,64.6,6.25,5.82,,,2004,62700.0
2004-06,105.1,2.5366,7.2,68.7,6.1824,65.2,7.0608,6.06,,,2004,62700.0
2004-07,105.0,2.3392,7.1,68.8,6.0092,65.2,6.5359,6.1,,,2004,62700.0
2004-08,104.8,1.8465,7.0,69.1,5.9816,65.5,6.3312,5.97,,,2004,62700.0
2004-09,105.0,1.8429,6.9,69.3,5.8015,65.6,6.1489,5.94,,,2004,62700.0
2004-10,105.2,2.3346,7.1,69.5,5.6231,65.7,5.9677,5.95,,,2004,62700.0
2004-11,105.6,2.4248,7.2,69.8,5.279,65.9,5.2716,5.87,,,2004,62700.0
2004-12,105.4,2.1318,7.1,69.9,5.1128,66.0,5.2632,5.69,,,2004,62700.0
2005-01,105.3,1.9361,6.9,70.1,5.0975,66.1,5.2548,5.6,,,2005,64200.0
2005-02,105.7,2.1256,7.0,70.3,5.0822,66.2,4.9128,5.59,,,2005,64200.0
2005-03,106.3,2.3099,6.9,70.6,5.0595,66.6,5.3797,5.6,,,2005,64200.0
2005-04,106.6,2.4015,6.7,71.0,4.8744,66.9,4.6948,5.67,,,2005,64200.0
2005-05,106.7,1.619,7.0,71.3,4.5455,67.2,4.0248,5.55,,,2005,64200.0
2005-06,106.9,1.7127,6.8,71.9,4.6579,68.0,4.2945,5.31,,,2005,64200.0
2005-07,107.1,2.0,6.7,72.0,4.6512,68.0,4.2945,5.26,,,2005,64200.0
2005-08,107.5,2.5763,6.7,72.3,4.631,68.2,4.1221,5.32,,,2005,64200.0
2005-09,108.4,3.2381,6.7,72.7,4.9062,68.4,4.2683,5.3,,,2005,64200.0
2005-10,107.9,2.5665,6.7,73.2,5.3237,68.7,4.5662,5.39,,,2005,64200.0
2005-11,107.7,1.9886,6.3,73.6,5.4441,68.7,4.2489,5.56,,,2005,64200.0
2005-12,107.6,2.0873,6.6,74.1,6.0086,68.7,4.0909,5.6,,,2005,64200.0
2006-01,108.2,2.754,6.7,74.7,6.5621,69.1,4.5386,5.65,,,2006,65600.0
2006-02,108.0,2.176,6.6,75.2,6.9701,69.3,4.6828,5.75,,,2006,65600.0
2006-03,108.6,2.1637,6.5,76.0,7.6487,69.5,4.3544,5.78,,,2006,65600.0
2006-04,109.2,2.439,6.5,76.9,8.3099,69.7,4.1854,5.88,,,2006,65600.0
2006-05,109.7,2.8116,6.2,77.8,9.1164,69.9,4.0179,6.05,,,2006,65600.0
2006-06,109.5,2.4322,6.3,79.0,9.8748,70.2,3.2353,6.12,,,2006,65600.0
2006-07,109.6,2.3343,6.5,79.8,10.8333,70.5,3.6765,6.26,,,2006,65600.0
2006-08,109.8,2.1395,6.5,81.0,12.0332,70.8,3.8123,6.24,,,2006,65600.0
2006-09,109.2,0.738,6.5,81.4,11.967,70.8,3.5088,6.13,,,2006,65600.0
2006-10,109.0,1.0195,6.3,81.6,11.4754,70.8,3.0568,6.01,,,2006,65600.0
2006-11,109.2,1.3928,6.5,82.0,11.413,71.0,3.3479,5.99,,,2006,65600.0
2006-12,109.4,1.6729,6.3,82.0,10.6613,71.1,3.4934,5.89,,,2006,65600.0
2007-01,109.4,1.1091,6.4,82.3,10.174,71.1,2.8944,5.91,,,2007,67300.0
2007-02,110.2,2.037,6.3,82.7,9.9734,71.2,2.7417,6.0,,,2007,67300.0
2007-03,111.1,2.302,6.3,83.0,9.2105,71.3,2.5899,5.91,,,2007,67300.0
2007-04,111.6,2.1978,6.3,83.7,8.8427,71.3,2.2956,5.92,,,2007,67300.0
2007-05,112.1,2.1878,6.2,84.6,8.7404,71.6,2.432,6.01,,,2007,67300.0
2007-06,111.9,2.1918,6.1,85.1,7.7215,72.0,2.5641,6.51,,,2007,67300.0
2007-07,112.0,2.1898,6.0,85.9,7.6441,72.2,2.4113,6.6,,,2007,67300.0
2007-08,111.7,1.7304,6.0,86.3,6.5432,72.4,2.2599,6.62,,,2007,67300.0
2007-09,111.9,2.4725,6.0,86.5,6.2654,72.7,2.6836,6.61,,,2007,67300.0
2007-10,111.6,2.3853,6.0,86.6,6.1275,72.7,2.6836,6.69,,,2007,67300.0
2007-11,111.9,2.4725,6.1,87.0,6.0976,73.4,3.3803,6.73,,,2007,67300.0
2007-12,112.0,2.3766,6.2,87.1,6.2195,73.5,3.3755,6.75,,,2007,67300.0
2008-01,111.8,2.1938,6.1,87.6,6.4399,74.1,4.2194,6.81,,,2008,68300.0
2008-02,112.2,1.8149,6.1,87.9,6.2878,74.3,4.3539,6.72,,,2008,68300.0
2008-03,112.6,1.3501,6.2,88.1,6.1446,74.5,4.4881,6.6,,,2008,68300.0
2008-04,113.5,1.7025,6.2,88.1,5.2569,74.6,4.6283,6.4,,,2008,68300.0
2008-05,114.6,2.2302,6.2,88.1,4.1371,74.5,4.0503,6.21,,,2008,68300.0
2008-06,115.4,3.1278,6.1,88.2,3.6428,74.8,3.8889,6.2,,,2008,68300.0
2008-07,115.8,3.3929,6.2,88.2,2.6775,74.8,3.6011,6.37,,,2008,68300.0
2008-08,115.6,3.4915,6.2,88.2,2.2016,74.9,3.453,6.25,,,2008,68300.0
2008-09,115.7,3.3959,6.3,88.3,2.0809,74.9,3.0261,6.16,,,2008,68300.0
2008-10,114.5,2.5986,6.4,87.9,1.5012,74.9,3.0261,6.46,,,2008,68300.0
2008-11,114.1,1.966,6.7,87.7,0.8046,74.9,2.0436,6.51,,,2008,68300.0
2008-12,113.3,1.1607,7.0,87.5,0.4592,74.9,1.9048,6.17,,,2008,68300.0
2009-01,113.0,1.0733,7.5,87.0,-0.6849,74.9,1.0796,5.78,,,2009,68100.0
2009-02,113.8,1.426,8.1,86.4,-1.7065,74.9,0.8075,5.28,,,2009,68100.0
2009-03,114.0,1.2433,8.4,86.0,-2.3837,74.6,0.1342,5.14,,,2009,68100.0
2009-04,113.9,0.3524,8.4,85.5,-2.9512,74.2,-0.5362,4.79,0.25,0.25,2009,68100.0
2009-05,114.7,0.0873,8.7,85.4,-3.0647,74.0,-0.6711,4.62,0.25,0.25,2009,68100.0
2009-06,115.1,-0.26,8.8,85.2,-3.4014,73.9,-1.2032,4.9,0.25,0.25,2009,68100.0
2009-07,114.7,-0.9499,8.8,85.4,-3.1746,74.0,-1.0695,5.14,0.25,0.25,2009,68100.0
2009-08,114.7,-0.7785,8.7,85.5,-3.0612,74.1,-1.0681,5.13,0.25,0.25,2009,68100.0
2009-09,114.7,-0.8643,8.5,85.9,-2.718,74.5,-0.534,4.97,0.25,0.25,2009,68100.0
2009-10,114.6,0.0873,8.6,86.1,-2.0478,74.7,-0.267,5.0,0.25,0.25,2009,68100.0
2009-11,115.2,0.9641,8.6,86.4,-1.4823,75.2,0.4005,5.06,0.25,0.25,2009,68100.0
2009-12,114.8,1.3239,8.6,86.7,-0.9143,75.7,1.0681,4.83,0.25,0.25,2009,68100.0
2010-01,115.1,1.8584,8.4,87.1,0.1149,76.1,1.6021,4.8,0.25,0.25,2010,67500.0
2010-02,115.6,1.5817,8.4,87.1,0.8102,75.6,0.9346,4.73,0.25,0.25,2010,67500.0
2010-03,115.6,1.4035,8.3,87.4,1.6279,75.7,1.4745,4.71,0.25,0.25,2010,67500.0
2010-04,116.0,1.8437,8.2,87.6,2.4561,75.8,2.1563,5.15,0.25,0.25,2010,67500.0
2010-05,116.3,1.3949,8.2,87.9,2.9274,76.3,3.1081,5.3,0.25,0.25,2010,67500.0
2010-06,116.2,0.9557,8.0,88.0,3.2864,76.5,3.5183,5.18,0.5,0.5,2010,67500.0
2010-07,116.8,1.8309,8.2,87.9,2.9274,76.6,3.5135,5.02,0.6023,0.75,2010,67500.0
2010-08,116.7,1.7437,8.2,88.0,2.924,76.8,3.6437,4.82,0.75,0.75,2010,67500.0
2010-09,116.9,1.918,8.2,88.1,2.5611,76.8,3.0872,4.6,0.9432,1.0,2010,67500.0
2010-10,117.4,2.4433,8.1,88.2,2.439,76.9,2.9451,4.52,1.0,1.0,2010,67500.0
2010-11,117.5,1.9965,7.9,88.4,2.3148,77.3,2.7926,4.45,1.0,1.0,2010,67500.0
2010-12,117.5,2.3519,7.8,88.4,1.9608,77.4,2.2457,4.5,1.0,1.0,2010,67500.0
2011-01,117.8,2.3458,7.8,88.6,1.7222,77.7,2.1025,4.55,1.0,1.0,2011,67200.0
2011-02,118.1,2.1626,7.8,89.0,2.1814,78.1,3.3069,4.68,1.0,1.0,2011,67200.0
2011-03,119.4,3.2872,7.8,89.0,1.8307,78.4,3.5667,4.7,1.0,1.0,2011,67200.0
2011-04,119.8,3.2759,7.8,89.2,1.8265,78.8,3.9578,4.87,1.0,1.0,2011,67200.0
2011-05,120.6,3.6973,7.7,89.6,1.934,79.6,4.325,4.83,1.0,1.0,2011,67200.0
2011-06,119.8,3.0981,7.7,89.8,2.0455,80.2,4.8366,4.6,1.0,1.0,2011,67200.0
2011-07,120.0,2.7397,7.4,89.9,2.2753,80.5,5.0914,4.57,1.0,1.0,2011,67200.0
2011-08,120.3,3.0848,7.4,90.0,2.2727,80.7,5.0781,4.52,1.0,1.0,2011,67200.0
2011-09,120.6,3.1651,7.5,90.1,2.2701,80.9,5.3385,4.42,1.0,1.0,2011,67200.0
2011-10,120.8,2.8961,7.5,90.3,2.381,81.3,5.7217,4.35,1.0,1.0,2011,67200.0
2011-11,120.9,2.8936,7.6,90.6,2.4887,82.1,6.2096,4.38,1.0,1.0,2011,67200.0
2011-12,120.2,2.2979,7.5,90.7,2.6018,82.3,6.3307,4.36,1.0,1.0,2011,67200.0
2012-01,120.7,2.4618,7.7,90.8,2.4831,82.4,6.0489,4.31,1.0,1.0,2012,69100.0
2012-02,121.2,2.6249,7.6,91.0,2.2472,82.7,5.8899,4.23,1.0,1.0,2012,69100.0
2012-03,121.7,1.9263,7.4,91.3,2.5843,83.2,6.1224,4.21,1.0,1.0,2012,69100.0
2012-04,122.2,2.0033,7.4,91.5,2.5785,83.5,5.9645,4.36,1.0,1.0,2012,69100.0
2012-05,122.1,1.2438,7.6,91.7,2.3438,84.0,5.5276,4.35,1.0,1.0,2012,69100.0
2012-06,121.6,1.5025,7.4,91.9,2.3385,84.2,4.9875,4.25,1.0,1.0,2012,69100.0
2012-07,121.5,1.25,7.3,92.0,2.3359,84.2,4.5963,4.23,1.0,1.0,2012,69100.0
2012-08,121.8,1.2469,7.4,92.1,2.3333,84.5,4.7088,4.23,1.0,1.0,2012,69100.0
2012-09,122.0,1.1609,7.4,92.3,2.4417,85.0,5.068,4.2,1.0,1.0,2012,69100.0
2012-10,122.2,1.1589,7.4,92.5,2.4363,85.2,4.797,4.17,1.0,1.0,2012,69100.0
2012-11,121.9,0.8271,7.4,92.6,2.2075,85.4,4.0195,4.15,1.0,1.0,2012,69100.0
2012-12,121.2,0.8319,7.3,92.7,2.2051,85.6,4.0097,4.15,1.0,1.0,2012,69100.0
2013-01,121.3,0.4971,7.1,92.8,2.2026,85.8,4.1262,4.14,1.0,1.0,2013,69500.0
2013-02,122.7,1.2376,7.1,93.0,2.1978,85.8,3.7485,4.11,1.0,1.0,2013,69500.0
2013-03,122.9,0.986,7.3,93.0,1.862,85.8,3.125,4.02,1.0,1.0,2013,69500.0
2013-04,122.7,0.4092,7.2,93.2,1.8579,85.9,2.8743,4.02,1.0,1.0,2013,69500.0
2013-05,123.0,0.7371,7.1,93.4,1.8539,86.1,2.5,4.02,1.0,1.0,2013,69500.0
2013-06,123.0,1.1513,7.2,93.5,1.741,86.1,2.2565,4.0,1.0,1.0,2013,69500.0
2013-07,123.1,1.3169,7.3,93.6,1.7391,86.4,2.6128,4.08,1.0,1.0,2013,69500.0
2013-08,123.1,1.0673,7.3,93.7,1.7372,86.4,2.2485,4.14,1.0,1.0,2013,69500.0
2013-09,123.3,1.0656,7.1,93.8,1.6251,86.5,1.7647,4.33,1.0,1.0,2013,69500.0
2013-10,123.0,0.6547,7.3,93.8,1.4054,86.5,1.5258,4.4,1.0,1.0,2013,69500.0
2013-11,123.0,0.9024,7.1,93.9,1.4039,86.6,1.4052,4.39,1.0,1.0,2013,69500.0
2013-12,122.7,1.2376,7.4,93.9,1.2945,86.8,1.4019,4.39,1.0,1.0,2013,69500.0
2014-01,123.1,1.4839,7.3,94.1,1.4009,87.0,1.3986,4.38,1.0,1.0,2014,71100.0
2014-02,124.1,1.141,7.3,94.4,1.5054,87.2,1.6317,4.32,1.0,1.0,2014,71100.0
2014-03,124.8,1.546,7.1,94.5,1.6129,87.2,1.6317,4.16,1.0,1.0,2014,71100.0
2014-04,125.2,2.0375,7.1,94.7,1.6094,87.8,2.2119,4.02,1.0,1.0,2014,71100.0
2014-05,125.8,2.2764,7.3,94.8,1.4989,87.8,1.9744,4.02,1.0,1.0,2014,71100.0
2014-06,125.9,2.3577,7.2,94.9,1.4973,88.1,2.3229,4.0,1.0,1.0,2014,71100.0
2014-07,125.7,2.1121,7.1,94.9,1.3889,88.0,1.8519,4.01,1.0,1.0,2014,71100.0
2014-08,125.7,2.1121,7.0,95.2,1.6009,88.4,2.3148,4.01,1.0,1.0,2014,71100.0
2014-09,125.8,2.0276,7.0,95.3,1.5991,88.6,2.4277,4.02,1.0,1.0,2014,71100.0
2014-10,125.9,2.3577,6.8,95.4,1.7058,88.7,2.5434,4.0,1.0,1.0,2014,71100.0
2014-11,125.4,1.9512,6.8,95.5,1.7039,88.8,2.5404,4.0,1.0,1.0,2014,71100.0
2014-12,124.5,1.467,6.7,95.5,1.7039,88.9,2.4194,3.98,1.0,1.0,2014,71100.0
2015-01,124.3,0.9748,6.8,95.5,1.4878,88.9,2.1839,3.96,0.9091,0.75,2015,70900.0
2015-02,125.4,1.0475,6.9,95.6,1.2712,89.2,2.2936,3.91,0.75,0.75,2015,70900.0
2015-03,126.3,1.2019,6.9,95.7,1.2698,89.5,2.6376,3.84,0.75,0.75,2015,70900.0
2015-04,126.2,0.7987,7.0,95.7,1.056,89.8,2.2779,3.76,0.75,0.75,2015,70900.0
2015-05,126.9,0.8744,6.9,95.9,1.1603,90.2,2.7335,3.74,0.75,0.75,2015,70900.0
2015-06,127.2,1.0326,6.9,96.1,1.2645,90.8,3.0647,3.72,0.75,0.75,2015,70900.0
2015-07,127.3,1.2729,7.0,96.2,1.3699,91.1,3.5227,3.71,0.6087,0.5,2015,70900.0
2015-08,127.3,1.2729,7.1,96.5,1.3655,91.6,3.6199,3.71,0.5,0.5,2015,70900.0
2015-09,127.1,1.0334,7.1,96.6,1.3641,91.8,3.6117,3.71,0.5,0.5,2015,70900.0
2015-10,127.2,1.0326,7.0,96.8,1.4675,92.2,3.9459,3.72,0.5,0.5,2015,70900.0
2015-11,127.1,1.3557,7.1,96.9,1.466,92.5,4.1667,3.72,0.5,0.5,2015,70900.0
2015-12,126.5,1.6064,7.3,97.0,1.5707,92.6,4.162,3.75,0.5,0.5,2015,70900.0
2016-01,126.8,2.0113,7.2,97.1,1.6754,92.8,4.387,3.76,0.5,0.5,2016,70900.0
2016-02,127.1,1.3557,7.3,97.3,1.7782,93.2,4.4843,3.75,0.5,0.5,2016,70900.0
2016-03,127.9,1.2668,7.2,97.5,1.8809,93.5,4.4693,3.73,0.5,0.5,2016,70900.0
2016-04,128.3,1.664,7.3,97.7,2.0899,94.2,4.8998,3.7,0.5,0.5,2016,70900.0
2016-05,128.8,1.4972,7.1,98.5,2.7112,96.0,6.4302,3.67,0.5,0.5,2016,70900.0
2016-06,129.1,1.4937,7.0,98.6,2.6015,96.4,6.1674,3.66,0.5,0.5,2016,70900.0
2016-07,128.9,1.2569,7.0,99.0,2.9106,97.4,6.9155,3.67,0.5,0.5,2016,70900.0
2016-08,128.7,1.0998,6.9,99.1,2.6943,98.0,6.9869,3.68,0.5,0.5,2016,70900.0
2016-09,128.8,1.3375,7.0,99.3,2.795,98.3,7.0806,3.67,0.5,0.5,2016,70900.0
2016-10,129.1,1.4937,6.9,99.7,2.9959,99.6,8.026,3.68,0.5,0.5,2016,70900.0
2016-11,128.6,1.1802,6.8,99.9,3.096,100.0,8.1081,3.7,0.5,0.5,2016,70900.0
2016-12,128.4,1.502,6.9,100.0,3.0928,100.0,7.9914,3.74,0.5,0.5,2016,70900.0
2017-01,129.5,2.1293,6.9,100.1,3.0896,100.2,7.9741,3.73,0.5,0.5,2017,72700.0
2017-02,129.7,2.0456,6.6,100.5,3.2888,101.2,8.5837,3.75,0.5,0.5,2017,72700.0
2017-03,129.9,1.5637,6.7,100.7,3.2821,101.4,8.4492,3.66,0.5,0.5,2017,72700.0
2017-04,130.4,1.6368,6.5,101.5,3.8895,103.5,9.8726,3.62,0.5,0.5,2017,72700.0
2017-05,130.5,1.3199,6.6,102.2,3.7563,104.6,8.9583,3.59,0.5,0.5,2017,72700.0
2017-06,130.4,1.007,6.5,102.4,3.854,104.6,8.5062,3.6,0.5,0.5,2017,72700.0
2017-07,130.4,1.1637,6.3,102.8,3.8384,104.6,7.3922,3.72,0.6667,0.75,2017,72700.0
2017-08,130.5,1.3986,6.2,102.9,3.8345,104.6,6.7347,3.82,0.75,0.75,2017,72700.0
2017-09,130.8,1.5528,6.2,103.1,3.8268,104.6,6.409,3.89,0.9643,1.0,2017,72700.0
2017-10,130.9,1.3943,6.3,103.2,3.5105,104.7,5.1205,3.98,1.0,1.0,2017,72700.0
2017-11,131.3,2.0995,6.2,103.3,3.4034,104.7,4.7,4.04,1.0,1.0,2017,72700.0
2017-12,130.8,1.8692,6.0,103.3,3.3,104.7,4.7,4.07,1.0,1.0,2017,72700.0
2018-01,131.7,1.6988,5.9,103.3,3.1968,104.6,4.3912,4.14,1.1196,1.25,2018,72700.0
2018-02,132.5,2.1588,6.0,103.1,2.5871,104.0,2.7668,4.26,1.25,1.25,2018,72700.0
2018-03,132.9,2.3095,5.8,103.1,2.3833,103.7,2.2682,4.27,1.25,1.25,2018,72700.0
2018-04,133.3,2.2239,5.8,103.1,1.5764,103.2,-0.2899,4.27,1.25,1.25,2018,72700.0
2018-05,133.4,2.2222,5.9,103.1,0.8806,103.2,-1.3384,4.35,1.25,1.25,2018,72700.0
2018-06,133.6,2.454,6.0,103.2,0.7812,103.2,-1.3384,4.32,1.25,1.25,2018,72700.0
2018-07,134.3,2.9908,5.9,103.3,0.4864,103.3,-1.2428,4.42,1.4205,1.5,2018,72700.0
2018-08,134.2,2.8352,6.0,103.3,0.3887,103.3,-1.2428,4.43,1.5,1.5,2018,72700.0
2018-09,133.7,2.2171,5.8,103.3,0.194,103.3,-1.2428,4.43,1.5,1.5,2018,72700.0
2018-10,134.1,2.4446,5.6,103.3,0.0969,103.2,-1.4327,4.48,1.5652,1.75,2018,72700.0
2018-11,133.5,1.6756,5.7,103.3,0.0,103.3,-1.3372,4.38,1.75,1.75,2018,72700.0
2018-12,133.4,1.9878,5.6,103.3,0.0,103.2,-1.4327,4.59,1.75,1.75,2018,72700.0
2019-01,133.6,1.4427,5.7,103.2,-0.0968,103.0,-1.5296,4.59,1.75,1.75,2019,72500.0
2019-02,134.5,1.5094,5.8,103.2,0.097,103.0,-0.9615,4.52,1.75,1.75,2019,72500.0
2019-03,135.4,1.8811,5.8,103.2,0.097,103.0,-0.675,4.44,1.75,1.75,2019,72500.0
2019-04,136.0,2.0255,5.7,103.2,0.097,102.9,-0.2907,4.33,1.75,1.75,2019,72500.0
2019-05,136.6,2.3988,5.5,103.1,0.0,102.6,-0.5814,4.3,1.75,1.75,2019,72500.0
2019-06,136.3,2.021,5.6,103.0,-0.1938,102.6,-0.5814,4.23,1.75,1.75,2019,72500.0
2019-07,137.0,2.0104,5.7,102.9,-0.3872,102.0,-1.2585,4.14,1.75,1.75,2019,72500.0
2019-08,136.8,1.9374,5.7,103.0,-0.2904,102.0,-1.2585,4.08,1.75,1.75,2019,72500.0
2019-09,136.2,1.8699,5.6,103.2,-0.0968,102.3,-0.9681,4.07,1.75,1.75,2019,72500.0
2019-10,136.6,1.8643,5.6,103.3,0.0,102.4,-0.7752,4.09,1.75,1.75,2019,72500.0
2019-11,136.4,2.1723,5.9,103.2,-0.0968,102.3,-0.9681,4.09,1.75,1.75,2019,72500.0
2019-12,136.4,2.2489,5.6,103.4,0.0968,102.5,-0.6783,4.08,1.75,1.75,2019,72500.0
2020-01,136.8,2.3952,5.5,103.4,0.1938,102.1,-0.8738,4.08,1.75,1.75,2020,77400.0
2020-02,137.4,2.1561,5.8,103.8,0.5814,102.5,-0.4854,4.08,1.75,1.75,2020,77400.0
2020-03,136.6,0.8863,8.5,104.1,0.8721,102.8,-0.1942,3.9,0.9545,0.25,2020,77400.0
2020-04,135.7,-0.2206,13.7,104.1,0.8721,102.8,-0.0972,3.95,0.25,0.25,2020,77400.0
2020-05,136.1,-0.366,14.2,104.2,1.0669,102.8,0.1949,3.86,0.25,0.25,2020,77400.0
2020-06,137.2,0.6603,12.6,104.3,1.2621,102.8,0.1949,3.77,0.25,0.25,2020,77400.0
2020-07,137.2,0.146,10.9,104.7,1.7493,103.1,1.0784,3.64,0.25,0.25,2020,77400.0
2020-08,137.0,0.1462,10.1,105.2,2.1359,103.4,1.3725,3.57,0.25,0.25,2020,77400.0
2020-09,136.9,0.514,9.1,106.5,3.1977,104.2,1.8573,3.51,0.25,0.25,2020,77400.0
2020-10,137.5,0.6589,9.0,107.3,3.8722,104.8,2.3438,3.45,0.25,0.25,2020,77400.0
2020-11,137.7,0.9531,8.6,107.9,4.5543,105.1,2.737,3.42,0.25,0.25,2020,77400.0
2020-12,137.4,0.7331,8.9,108.2,4.6422,105.5,2.9268,3.34,0.25,0.25,2020,77400.0
2021-01,138.2,1.0234,9.2,109.0,5.4159,106.2,4.0157,3.3,0.25,0.25,2021,76800.0
2021-02,138.9,1.0917,8.5,111.1,7.0328,107.7,5.0732,3.25,0.25,0.25,2021,76800.0
2021-03,139.6,2.1962,7.7,112.3,7.877,108.6,5.642,3.26,0.25,0.25,2021,76800.0
2021-04,140.3,3.3898,8.2,114.4,9.8943,109.5,6.5175,3.25,0.25,0.25,2021,76800.0
2021-05,141.0,3.6003,8.3,116.0,11.3244,109.9,6.9066,3.25,0.25,0.25,2021,76800.0
2021-06,141.4,3.0612,7.9,116.7,11.8888,110.0,7.0039,3.26,0.25,0.25,2021,76800.0
2021-07,142.3,3.7172,7.4,117.2,11.9389,110.2,6.8865,3.2,0.25,0.25,2021,76800.0
2021-08,142.6,4.0876,7.1,118.0,12.1673,111.1,7.4468,3.2,0.25,0.25,2021,76800.0
2021-09,142.9,4.3828,7.0,118.5,11.2676,111.1,6.6219,3.22,0.25,0.25,2021,76800.0
2021-10,143.9,4.6545,6.5,119.6,11.4632,112.5,7.3473,3.29,0.25,0.25,2021,76800.0
2021-11,144.2,4.7204,6.1,120.5,11.6775,114.1,8.5633,3.4,0.25,0.25,2021,76800.0
2021-12,144.0,4.8035,5.9,120.8,11.6451,114.1,8.1517,3.45,0.25,0.25,2021,76800.0
2022-01,145.3,5.1375,6.4,121.9,11.8349,114.1,7.4388,3.44,0.25,0.25,2022,73900.0
2022-02,146.8,5.6875,5.5,123.2,10.8911,114.8,6.5924,3.58,0.25,0.25,2022,73900.0
2022-03,148.9,6.6619,5.4,124.7,11.0419,115.6,6.4457,3.77,0.4783,0.5,2022,73900.0
2022-04,149.8,6.7712,5.4,125.1,9.3531,115.6,5.5708,4.19,0.7857,1.0,2022,73900.0
2022-05,151.9,7.7305,5.2,125.7,8.3621,115.6,5.1865,4.63,1.0,1.0,2022,73900.0
2022-06,152.9,8.133,4.9,125.9,7.8835,115.6,5.0909,5.05,1.4773,1.5,2022,73900.0
2022-07,153.1,7.5896,4.8,126.0,7.5085,115.6,4.9002,5.51,2.0714,2.5,2022,73900.0
2022-08,152.6,7.0126,5.2,126.1,6.8644,115.6,4.0504,5.58,2.5,2.5,2022,73900.0
2022-09,152.7,6.8579,5.1,126.0,6.3291,115.6,4.0504,5.64,3.0714,3.25,2022,73900.0
2022-10,153.8,6.8798,5.1,125.7,5.1003,115.6,2.7556,5.75,3.3214,3.75,2022,73900.0
2022-11,154.0,6.7961,5.0,125.5,4.1494,115.6,1.3146,5.88,3.75,3.75,2022,73900.0
2022-12,153.1,6.3194,5.0,125.5,3.8907,115.6,1.3146,5.89,4.131,4.25,2022,73900.0
2023-01,153.9,5.9188,5.1,125.2,2.7071,115.6,1.3146,5.86,4.2976,4.5,2023,75100.0
2023-02,154.5,5.2452,5.2,124.9,1.3799,115.2,0.3484,5.81,4.5,4.5,2023,75100.0
2023-03,155.3,4.2982,5.1,124.9,0.1604,115.2,-0.346,5.81,4.5,4.5,2023,75100.0
2023-04,156.4,4.4059,5.1,124.8,-0.2398,115.2,-0.346,5.75,4.5,4.5,2023,75100.0
2023-05,157.0,3.3575,5.2,124.9,-0.6364,115.1,-0.4325,5.74,4.5,4.5,2023,75100.0
2023-06,157.2,2.8123,5.4,125.0,-0.7149,115.1,-0.4325,5.85,4.6932,4.75,2023,75100.0
2023-07,158.1,3.2658,5.4,124.9,-0.873,115.1,-0.4325,5.99,4.9048,5.0,2023,75100.0
2023-08,158.7,3.9974,5.4,125.0,-0.8723,115.0,-0.519,6.17,5.0,5.0,2023,75100.0
2023-09,158.5,3.7983,5.5,124.7,-1.0317,115.0,-0.519,6.27,5.0,5.0,2023,75100.0
2023-10,158.6,3.1209,5.7,124.7,-0.7955,114.9,-0.6055,6.42,5.0,5.0,2023,75100.0
2023-11,158.8,3.1169,5.8,124.4,-0.8765,114.7,-0.7785,6.47,5.0,5.0,2023,75100.0
2023-12,158.3,3.3965,5.8,124.4,-0.8765,114.6,-0.8651,6.39,5.0,5.0,2023,75100.0
2024-01,158.3,2.859,5.7,124.3,-0.7188,114.6,-0.8651,6.31,5.0,5.0,2024,75500.0
2024-02,158.8,2.7832,5.9,124.4,-0.4003,114.5,-0.6076,6.15,5.0,5.0,2024,75500.0
2024-03,159.8,2.8976,6.1,124.4,-0.4003,114.5,-0.6076,6.13,5.0,5.0,2024,75500.0
2024-04,160.6,2.6854,6.2,124.7,-0.0801,114.5,-0.6076,6.08,5.0,5.0,2024,75500.0
2024-05,161.5,2.8662,6.3,124.9,0.0,114.5,-0.5213,6.05,5.0,5.0,2024,75500.0
2024-06,161.4,2.6718,6.4,124.7,-0.24,114.3,-0.695,5.98,4.7875,4.75,2024,75500.0
2024-07,162.1,2.53,6.4,125.0,0.0801,114.5,-0.5213,5.91,4.6957,4.5,2024,75500.0
2024-08,161.8,1.9534,6.6,125.0,0.0,114.6,-0.3478,5.73,4.5,4.5,2024,75500.0
2024-09,161.1,1.6404,6.5,125.0,0.2406,114.6,-0.3478,5.55,4.2857,4.25,2024,75500.0
2024-10,161.8,2.0177,6.6,124.5,-0.1604,113.2,-1.4795,5.44,4.1196,3.75,2024,75500.0
2024-11,161.8,1.8892,7.0,124.6,0.1608,113.5,-1.0462,5.38,3.75,3.75,2024,75500.0
2024-12,161.2,1.832,6.7,124.5,0.0804,113.1,-1.3089,5.35,3.4318,3.25,2024,75500.0
2025-01,161.3,1.8951,6.7,124.4,0.0805,112.6,-1.7452,5.31,3.2283,3.0,2024,75500.0
2025-02,163.0,2.6448,6.6,124.5,0.0804,112.8,-1.4847,5.1,3.0,3.0,2024,75500.0
2025-03,163.5,2.3154,6.8,124.5,0.0804,112.6,-1.6594,5.22,2.8452,2.75,2024,75500.0
2025-04,163.4,1.7435,6.9,124.0,-0.5613,112.1,-2.0961,5.1,2.75,2.75,2024,75500.0
2025-05,164.3,1.7337,7.0,123.7,-0.9608,111.2,-2.8821,5.08,2.75,2.75,2024,75500.0
2025-06,164.4,1.8587,6.9,123.4,-1.0425,111.0,-2.8871,5.05,2.75,2.75,2024,75500.0
2025-07,164.9,1.7273,6.9,123.3,-1.36,110.9,-3.1441,5.07,2.75,2.75,2024,75500.0
2025-08,164.8,1.8541,7.1,122.9,-1.68,110.8,-3.3159,5.1,2.75,2.75,2024,75500.0
2025-09,164.9,2.3588,7.1,122.7,-1.84,110.4,-3.6649,5.09,2.6477,2.5,2024,75500.0
2025-10,165.3,2.1632,6.9,122.2,-1.8474,109.4,-3.3569,5.06,2.4773,2.25,2024,75500.0
2025-11,165.4,2.225,6.6,122.2,-1.9262,109.4,-3.6123,5.04,2.25,2.25,2024,75500.0
2025-12,165.0,2.3573,6.8,122.0,-2.008,109.3,-3.3599,5.06,2.25,2.25,2024,75500.0
2026-01,165.0,2.2939,6.5,121.5,-2.3312,108.1,-3.9964,5.07,2.25,2.25,2024,75500.0
2026-02,165.9,1.7791,6.7,121.9,-2.0884,108.1,-4.1667,5.05,2.25,2.25,2024,75500.0
2026-03,167.4,2.3853,6.7,121.6,-2.3293,107.1,-4.8845,5.06,2.25,2.25,2024,75500.0
2026-04,168.0,2.8152,6.9,121.1,-2.3387,106.2,-5.2632,5.13,2.25,2.25,2024,75500.0
2026-05,,,,,,,,,2.25,2.25,2024,75500.0
